{"cameraMode":{"drawMode":0,"name":"Shaded","section":"Shading Mode"},"sceneLighting":false,"audioPlay":false,"sceneViewState":{"showFog":true,"showMaterialUpdate":false,"showSkybox":true,"showFlares":true,"showImageEffects":true,"showParticleSystems":true},"in2DMode":false,"pivot":{"x":7.2724738121032719,"y":-4.026450157165527,"z":-5.202579975128174},"rotation":{"x":0.15371057391166688,"y":0.8427650928497315,"z":-0.3204110860824585,"w":0.40429791808128359},"size":11.69632625579834,"orthographic":false}