{"cameraMode":{"drawMode":0,"name":"Shaded","section":"Shading Mode"},"sceneLighting":true,"audioPlay":false,"sceneViewState":{"showFog":true,"showMaterialUpdate":false,"showSkybox":true,"showFlares":true,"showImageEffects":true,"showParticleSystems":true},"in2DMode":false,"pivot":{"x":2.480342388153076,"y":1.0709013938903809,"z":-5.079047679901123},"rotation":{"x":-0.018700286746025087,"y":0.9676172733306885,"z":-0.24019137024879456,"w":-0.07533483952283859},"size":11.925186157226563,"orthographic":false}