{"cameraMode":{"drawMode":0,"name":"Shaded","section":"Shading Mode"},"sceneLighting":false,"audioPlay":false,"sceneViewState":{"showFog":true,"showMaterialUpdate":false,"showSkybox":true,"showFlares":true,"showImageEffects":true,"showParticleSystems":true},"in2DMode":false,"pivot":{"x":-10.986136436462403,"y":8.262603759765625,"z":1.335052490234375},"rotation":{"x":-0.030453737825155259,"y":0.9615066051483154,"z":-0.11916778236627579,"w":-0.24571676552295686},"size":48.698341369628909,"orthographic":false}