{"cameraMode":{"drawMode":0,"name":"Shaded","section":"Shading Mode"},"sceneLighting":false,"audioPlay":false,"sceneViewState":{"showFog":true,"showMaterialUpdate":false,"showSkybox":true,"showFlares":true,"showImageEffects":true,"showParticleSystems":true},"in2DMode":false,"pivot":{"x":0.3758936822414398,"y":0.05011501908302307,"z":-0.43209028244018557},"rotation":{"x":0.028798630461096765,"y":0.9710885882377625,"z":0.15989428758621217,"w":-0.1749039888381958},"size":0.6000571846961975,"orthographic":false}